[
  {
    "id": 1,
    "name":"Shisha",
    "type":"20mm",
    "amount":400,
    "amount_unit":"ton",
    "remaining_amount": 200,
    "total_price":250000,
    "price_per_building":3250000
    },
    {
      "id": 2,
      "name":"Shish",
      "type":"15mm",
      "amount":200,
      "amount_unit":"ton",
      "remaining_amount": 100,
      "total_price":133000,
      "price_per_building":266000
      },
      {
        "id": 3,
        "name":"Concreat",
        "type":"colim",
        "amount":480,
        "amount_unit":"m3",
        "remaining_amount": 240,
        "total_price":10000,
        "price_per_building":25000
        },
        {
          "id": 4,
          "name":"Concreat",
          "type":"slap",
          "amount":200,
          "amount_unit":"m3",
          "remaining_amount": 170,
          "total_price":123000,
          "price_per_building":316000
          }
  
]


