[
  {
    "id": "B001",
    "name": "Z1",
    "number_of_floors": 13,
    "apartments_per_floor": 3,
    "number_of_apartments": 39,
    "description": "Z1 near K-Market",
    "level": 25
    },
    
    {
    "id": "B002",
    "name": "X2",
    "number_of_floors": 7,
    "apartments_per_floor": 2,
    "number_of_apartments": 14,
    "description": "X2 in downtown area",
    "level": 10
    }
    ,
    {
    "id": "B003",
    "name": "Y3",
    "number_of_floors": 20,
    "apartments_per_floor": 1,
    "number_of_apartments": 20,
    "description": "Y3 with beautiful sea view",
    "level": 30
    }
  
]


